Name,Page_link
"Ach Hing, Arthur",https://www.chia.chinesemuseum.com.au/biogs/CH00964b.htm
"Ach Hing, Margaret",https://www.chia.chinesemuseum.com.au/biogs/CH00965b.htm
"Ack Hing, Beryl",https://www.chia.chinesemuseum.com.au/biogs/CH02562b.htm
"Ack Hing, Philip ( - 1939)",https://www.chia.chinesemuseum.com.au/biogs/CH01936b.htm
"Affoo, Jimmy",https://www.chia.chinesemuseum.com.au/biogs/CH02493b.htm
"- see Ah Foo, Jimmy (c. 1843 - c. 1916)",https://www.chia.chinesemuseum.com.au/biogs/CH02493b.htm
Ah Bong,https://www.chia.chinesemuseum.com.au/biogs/CH00961b.htm
Ah Bow,https://www.chia.chinesemuseum.com.au/biogs/CH00205b.htm
"- see Ah Bow, Charlie, gardener",https://www.chia.chinesemuseum.com.au/biogs/CH00205b.htm
"Ah Bow, Charlie, gardener",https://www.chia.chinesemuseum.com.au/biogs/CH00205b.htm
Ah Check (1854 - 1904),https://www.chia.chinesemuseum.com.au/biogs/CH01956b.htm
Ah Chee,https://www.chia.chinesemuseum.com.au/biogs/CH00946b.htm
"Ah Chee (Melbourne), cabinetmaker",https://www.chia.chinesemuseum.com.au/biogs/CH00366b.htm
"Ah Chee, T.",https://www.chia.chinesemuseum.com.au/biogs/CH01018b.htm
"Ah Cheok, storeman",https://www.chia.chinesemuseum.com.au/biogs/CH00150b.htm
Ah Cheon,https://www.chia.chinesemuseum.com.au/biogs/CH01358b.htm
"Ah Cheong (gardener, Essendon, Vic), gardener",https://www.chia.chinesemuseum.com.au/biogs/CH00209b.htm
"Ah Cheong, Queenie",https://www.chia.chinesemuseum.com.au/biogs/CH00840b.htm
"- see Ah Cheong, Queeny, bottle collector",https://www.chia.chinesemuseum.com.au/biogs/CH00840b.htm
"Ah Cheong, Queeny, bottle collector",https://www.chia.chinesemuseum.com.au/biogs/CH00840b.htm
"Ah Chew, gardener",https://www.chia.chinesemuseum.com.au/biogs/CH00255b.htm
"Ah Chin (gardener, Ballarat East, Vic), gardener",https://www.chia.chinesemuseum.com.au/biogs/CH00315b.htm
"Ah Chin (gardener, Caulfield, Vic), gardener",https://www.chia.chinesemuseum.com.au/biogs/CH00247b.htm
"Ah Chin (vegetable dealer, 122 Little Bourke Street, Melb, Vic), vegetable dealer",https://www.chia.chinesemuseum.com.au/biogs/CH00376b.htm
"Ah Ching, gardener",https://www.chia.chinesemuseum.com.au/biogs/CH00294b.htm
Ah Chong,https://www.chia.chinesemuseum.com.au/biogs/CH00938b.htm
Ah Chook,https://www.chia.chinesemuseum.com.au/biogs/CH00150b.htm
"- see Ah Cheok, storeman",https://www.chia.chinesemuseum.com.au/biogs/CH00150b.htm
"Ah Chou, domestic servant",https://www.chia.chinesemuseum.com.au/biogs/CH00960b.htm
Ah Chow,https://www.chia.chinesemuseum.com.au/biogs/CH00960b.htm
"- see Ah Chou, domestic servant",https://www.chia.chinesemuseum.com.au/biogs/CH00960b.htm
"Ah Chow, Willi, fire watcher",https://www.chia.chinesemuseum.com.au/biogs/CH00894b.htm
"Ah Choy, cook",https://www.chia.chinesemuseum.com.au/biogs/CH00183b.htm
"Ah Dick, gardener",https://www.chia.chinesemuseum.com.au/biogs/CH00278b.htm
"Ah Don, cabinetmaker",https://www.chia.chinesemuseum.com.au/biogs/CH00367b.htm
Ah Fan,https://www.chia.chinesemuseum.com.au/biogs/CH00249b.htm
"Ah Fat, Jimmy",https://www.chia.chinesemuseum.com.au/biogs/CH01328b.htm
"Ah Fatt, gardener",https://www.chia.chinesemuseum.com.au/biogs/CH00148b.htm
Ah Fay (Brunswick),https://www.chia.chinesemuseum.com.au/biogs/CH00174b.htm
"- see Ah Toy (laundryman, Brunswick, Melb, Vic), laundryman",https://www.chia.chinesemuseum.com.au/biogs/CH00174b.htm
Ah Fing,https://www.chia.chinesemuseum.com.au/biogs/CH00280b.htm
"Ah Foo (gardener, Rochester, Vic), gardener",https://www.chia.chinesemuseum.com.au/biogs/CH00393b.htm
"Ah Foo (laundryman, Fitzroy, Melbourne, Vic), laundryman",https://www.chia.chinesemuseum.com.au/biogs/CH00157b.htm
"Ah Foo, Jimmy (c. 1843 - c. 1916)",https://www.chia.chinesemuseum.com.au/biogs/CH02493b.htm
"Ah Fook, laundryman",https://www.chia.chinesemuseum.com.au/biogs/CH00368b.htm
Ah Fook,https://www.chia.chinesemuseum.com.au/biogs/CH00233b.htm
"- see Louey Ah Fook, gardener",https://www.chia.chinesemuseum.com.au/biogs/CH00233b.htm
Ah Foy,https://www.chia.chinesemuseum.com.au/biogs/CH00373b.htm
"- see Ah Toy (cabinetmaker, 288 Lonsdale St, Melb, Vic), cabinetmaker",https://www.chia.chinesemuseum.com.au/biogs/CH00373b.htm
"Ah Gee, Francis",https://www.chia.chinesemuseum.com.au/biogs/CH00423b.htm
"- see Ah Gee, Frank, storekeeper",https://www.chia.chinesemuseum.com.au/biogs/CH00423b.htm
"Ah Gee, Frank, storekeeper",https://www.chia.chinesemuseum.com.au/biogs/CH00423b.htm
"Ah Gee, Violet Anna Victoria",https://www.chia.chinesemuseum.com.au/biogs/CH00422b.htm
"- see Lee Wah, Violet Anna Victoria (1892 - ), dressmaker",https://www.chia.chinesemuseum.com.au/biogs/CH00422b.htm
Ah Gepp,https://www.chia.chinesemuseum.com.au/biogs/CH02485b.htm
- see Chen Wing,https://www.chia.chinesemuseum.com.au/biogs/CH02485b.htm
"Ah Gooey, laundryman",https://www.chia.chinesemuseum.com.au/biogs/CH00394b.htm
"Ah Goon (cabinetmaker, Market La, Melb., Vic), cabinetmaker",https://www.chia.chinesemuseum.com.au/biogs/CH00337b.htm
"Ah Goon (gardener, St Arnaud, Vic), gardener",https://www.chia.chinesemuseum.com.au/biogs/CH00357b.htm
"Ah Goon (gardener, Williamstown, Melb, Vic), gardener",https://www.chia.chinesemuseum.com.au/biogs/CH00402b.htm
"Ah Guy, carpenter",https://www.chia.chinesemuseum.com.au/biogs/CH00316b.htm
Ah Ham,https://www.chia.chinesemuseum.com.au/biogs/CH01973b.htm
Ah Hay,https://www.chia.chinesemuseum.com.au/biogs/CH00320b.htm
"- see Ah Hoil, gardener",https://www.chia.chinesemuseum.com.au/biogs/CH00320b.htm
"Ah Hay (dealer, Nth Melb, Vic), dealer",https://www.chia.chinesemuseum.com.au/biogs/CH00227b.htm
"Ah Hay (gardener, Hawthorn, Melb., Vic), gardener",https://www.chia.chinesemuseum.com.au/biogs/CH00210b.htm
"Ah Hen, storeman",https://www.chia.chinesemuseum.com.au/biogs/CH00237b.htm
Ah Hen's mother,https://www.chia.chinesemuseum.com.au/biogs/CH00959b.htm
Ah Hew,https://www.chia.chinesemuseum.com.au/biogs/CH00237b.htm
"- see Ah Hen, storeman",https://www.chia.chinesemuseum.com.au/biogs/CH00237b.htm
"Ah Him (cabinetmaker, Market La, Melb, Vic), cabinetmaker",https://www.chia.chinesemuseum.com.au/biogs/CH00289b.htm
"Ah Him (gardener, Nathalia, Vic), gardener",https://www.chia.chinesemuseum.com.au/biogs/CH00318b.htm
"Ah Hing, gardener",https://www.chia.chinesemuseum.com.au/biogs/CH00319b.htm
"Ah Hing, Bertha",https://www.chia.chinesemuseum.com.au/biogs/CH01753b.htm
"- see Hing, Bertha (1880 - 1939)",https://www.chia.chinesemuseum.com.au/biogs/CH01753b.htm
"Ah Hing, Charlie, cook",https://www.chia.chinesemuseum.com.au/biogs/CH00212b.htm
"Ah Hing, Frederick George (1885 - 1917)",https://www.chia.chinesemuseum.com.au/biogs/CH01773b.htm
"Ah Hing, Jane (1877 - 1966)",https://www.chia.chinesemuseum.com.au/biogs/CH01775b.htm
"Ah Hing, Joshua (1834 - 1919)",https://www.chia.chinesemuseum.com.au/biogs/CH01774b.htm
"Ah Hoey, storekeeper",https://www.chia.chinesemuseum.com.au/biogs/CH00182b.htm
"Ah Hoil, gardener",https://www.chia.chinesemuseum.com.au/biogs/CH00320b.htm
"Ah Hon, Barbara",https://www.chia.chinesemuseum.com.au/biogs/CH00792b.htm
"Ah Hong, gardener",https://www.chia.chinesemuseum.com.au/biogs/CH00312b.htm
"Ah Hong (Alice Springs), cook and restauranteur",https://www.chia.chinesemuseum.com.au/biogs/CH01918b.htm
"Ah How, Dobie",https://www.chia.chinesemuseum.com.au/biogs/CH00962b.htm
"Ah Howe, gardener",https://www.chia.chinesemuseum.com.au/biogs/CH00203b.htm
"Ah Hughie, gardener",https://www.chia.chinesemuseum.com.au/biogs/CH00317b.htm
Ah Huh,https://www.chia.chinesemuseum.com.au/biogs/CH00223b.htm
"- see Ah Hup, gardener",https://www.chia.chinesemuseum.com.au/biogs/CH00223b.htm
"Ah Hup, gardener",https://www.chia.chinesemuseum.com.au/biogs/CH00223b.htm
Ah Jawl,https://www.chia.chinesemuseum.com.au/biogs/CH00375b.htm
"- see Ah Tawt, cabinetmaker",https://www.chia.chinesemuseum.com.au/biogs/CH00375b.htm
Ah Jin,https://www.chia.chinesemuseum.com.au/biogs/CH00181b.htm
"- see Ah Tin, gardener",https://www.chia.chinesemuseum.com.au/biogs/CH00181b.htm
Ah Karr,https://www.chia.chinesemuseum.com.au/biogs/CH00272b.htm
"- see Ah Kaw, laundryman",https://www.chia.chinesemuseum.com.au/biogs/CH00272b.htm
"Ah Kaw, laundryman",https://www.chia.chinesemuseum.com.au/biogs/CH00272b.htm
"Ah Kay, gardener",https://www.chia.chinesemuseum.com.au/biogs/CH00335b.htm
"Ah Ket, William",https://www.chia.chinesemuseum.com.au/biogs/CH00513b.htm
"Ah Kim, banana merchant",https://www.chia.chinesemuseum.com.au/biogs/CH00396b.htm
"Ah Kin, hotelkeeper",https://www.chia.chinesemuseum.com.au/biogs/CH00369b.htm
"Ah Kinn, Adelaide",https://www.chia.chinesemuseum.com.au/biogs/CH00995b.htm
"Ah Kinn, William",https://www.chia.chinesemuseum.com.au/biogs/CH00994b.htm
"Ah Kit, cabinetmaker",https://www.chia.chinesemuseum.com.au/biogs/CH00338b.htm
Ah Koh,https://www.chia.chinesemuseum.com.au/biogs/CH02419b.htm
"Ah Kwong, market dealer",https://www.chia.chinesemuseum.com.au/biogs/CH00248b.htm
"Ah Lee (gardener, Brunswick Rd, W. Brunswick, Melb., Vic), gardener",https://www.chia.chinesemuseum.com.au/biogs/CH00339b.htm
"Ah Lee (gardener, Yarrawonga, Vic), gardener",https://www.chia.chinesemuseum.com.au/biogs/CH00371b.htm
Ah Lee (NSW?),https://www.chia.chinesemuseum.com.au/biogs/CH00921b.htm
"Ah Leong, vineyard labourer",https://www.chia.chinesemuseum.com.au/biogs/CH00199b.htm
Ah Leu,https://www.chia.chinesemuseum.com.au/biogs/CH00254b.htm
Ah Leung,https://www.chia.chinesemuseum.com.au/biogs/CH00199b.htm
"- see Ah Leong, vineyard labourer",https://www.chia.chinesemuseum.com.au/biogs/CH00199b.htm
"Ah Leung, George, gardener",https://www.chia.chinesemuseum.com.au/biogs/CH00256b.htm
Ah Lew,https://www.chia.chinesemuseum.com.au/biogs/CH00213b.htm
"- see Ah Tem, gardener",https://www.chia.chinesemuseum.com.au/biogs/CH00213b.htm
"Ah Lim, gardener",https://www.chia.chinesemuseum.com.au/biogs/CH00321b.htm
"Ah Ling, gardener",https://www.chia.chinesemuseum.com.au/biogs/CH00290b.htm
Ah Liy,https://www.chia.chinesemuseum.com.au/biogs/CH00290b.htm
"- see Ah Ling, gardener",https://www.chia.chinesemuseum.com.au/biogs/CH00290b.htm
"Ah Lock, merchant",https://www.chia.chinesemuseum.com.au/biogs/CH00221b.htm
Ah Loek,https://www.chia.chinesemuseum.com.au/biogs/CH00221b.htm
"- see Ah Lock, merchant",https://www.chia.chinesemuseum.com.au/biogs/CH00221b.htm
"Ah Lok, miner",https://www.chia.chinesemuseum.com.au/biogs/CH01680b.htm
"Ah Look, Albert",https://www.chia.chinesemuseum.com.au/biogs/CH01186b.htm
"Ah Look, Louise",https://www.chia.chinesemuseum.com.au/biogs/CH01185b.htm
"Ah Look, Lousie [sic?]",https://www.chia.chinesemuseum.com.au/biogs/CH01185b.htm
"- see Ah Look, Louise",https://www.chia.chinesemuseum.com.au/biogs/CH01185b.htm
Ah Loou,https://www.chia.chinesemuseum.com.au/biogs/CH00162b.htm
"- see Ah Soon (gardener, Melb, Vic), gardener",https://www.chia.chinesemuseum.com.au/biogs/CH00162b.htm
"Ah Louey, vineyard labourer",https://www.chia.chinesemuseum.com.au/biogs/CH00219b.htm
"Ah Loy (181 Little Bourke St, Melb, Vic), merchant",https://www.chia.chinesemuseum.com.au/biogs/CH00151b.htm
"Ah Loy (gardener, Burnley St, Brunswick, Melb, Vic), gardener",https://www.chia.chinesemuseum.com.au/biogs/CH00281b.htm
Ah Luan,https://www.chia.chinesemuseum.com.au/biogs/CH00370b.htm
"- see Ah Quan, gardener",https://www.chia.chinesemuseum.com.au/biogs/CH00370b.htm
Ah Luon,https://www.chia.chinesemuseum.com.au/biogs/CH00342b.htm
"- see Ah Quon, farmer",https://www.chia.chinesemuseum.com.au/biogs/CH00342b.htm
Ah Luong,https://www.chia.chinesemuseum.com.au/biogs/CH00343b.htm
"- see Ah Quong, laundryman",https://www.chia.chinesemuseum.com.au/biogs/CH00343b.htm
Ah Man,https://www.chia.chinesemuseum.com.au/biogs/CH00321b.htm
"- see Ah Lim, gardener",https://www.chia.chinesemuseum.com.au/biogs/CH00321b.htm
"Ah Mang, miner",https://www.chia.chinesemuseum.com.au/biogs/CH00258b.htm
"Ah Mat, Put",https://www.chia.chinesemuseum.com.au/biogs/CH01934b.htm
"Ah Matt, Cyril",https://www.chia.chinesemuseum.com.au/biogs/CH01375b.htm
Ah Mau,https://www.chia.chinesemuseum.com.au/biogs/CH00321b.htm
"- see Ah Lim, gardener",https://www.chia.chinesemuseum.com.au/biogs/CH00321b.htm
"Ah Moon, carpenter",https://www.chia.chinesemuseum.com.au/biogs/CH00340b.htm
"Ah Moon, Charles",https://www.chia.chinesemuseum.com.au/biogs/CH00807b.htm
"Ah Moon, Charlie",https://www.chia.chinesemuseum.com.au/biogs/CH00820b.htm
"Ah Moon, Chou",https://www.chia.chinesemuseum.com.au/biogs/CH00810b.htm
"Ah Moon, Ellen",https://www.chia.chinesemuseum.com.au/biogs/CH00816b.htm
"Ah Moon, Gel",https://www.chia.chinesemuseum.com.au/biogs/CH00818b.htm
"Ah Moon, Geraldine",https://www.chia.chinesemuseum.com.au/biogs/CH00808b.htm
"Ah Moon, Gladys",https://www.chia.chinesemuseum.com.au/biogs/CH00811b.htm
"Ah Moon, Jessie",https://www.chia.chinesemuseum.com.au/biogs/CH00815b.htm
"Ah Moon, Maggie",https://www.chia.chinesemuseum.com.au/biogs/CH00817b.htm
"Ah Moon, Mavis",https://www.chia.chinesemuseum.com.au/biogs/CH00809b.htm
"Ah Moon, Phyllis",https://www.chia.chinesemuseum.com.au/biogs/CH00812b.htm
"Ah Moon, Ruby",https://www.chia.chinesemuseum.com.au/biogs/CH00819b.htm
Ah Mou,https://www.chia.chinesemuseum.com.au/biogs/CH00358b.htm
"- see Ah Mow, cook",https://www.chia.chinesemuseum.com.au/biogs/CH00358b.htm
"Ah Mouy, Enah (1873 - 1964)",https://www.chia.chinesemuseum.com.au/biogs/CH01676b.htm
"Ah Mouy, Louey (c. 1826 - 1918), carpenter, community leader, merchant and mining speculator",https://www.chia.chinesemuseum.com.au/biogs/CH00003b.htm
"Ah Mouy, Louis",https://www.chia.chinesemuseum.com.au/biogs/CH00003b.htm
"- see Ah Mouy, Louey (c. 1826 - 1918), carpenter, community leader, merchant and mining speculator",https://www.chia.chinesemuseum.com.au/biogs/CH00003b.htm
"Ah Mouy, Mee Hou",https://www.chia.chinesemuseum.com.au/biogs/CH00671b.htm
"- see Ah Mouy, Mee How (1887 - 1977), architect",https://www.chia.chinesemuseum.com.au/biogs/CH00671b.htm
"Ah Mouy, Mee How (1887 - 1977), architect",https://www.chia.chinesemuseum.com.au/biogs/CH00671b.htm
"Ah Mouy, Monica",https://www.chia.chinesemuseum.com.au/biogs/CH00889b.htm
"- see Kung, Monica",https://www.chia.chinesemuseum.com.au/biogs/CH00889b.htm
"Ah Mouy, Stanley",https://www.chia.chinesemuseum.com.au/biogs/CH00669b.htm
"Ah Mouy, Vern",https://www.chia.chinesemuseum.com.au/biogs/CH02523b.htm
"- see Ah Mouy, Vernon",https://www.chia.chinesemuseum.com.au/biogs/CH02523b.htm
"Ah Mouy, Vernon",https://www.chia.chinesemuseum.com.au/biogs/CH02523b.htm
"Ah Mouy, Winsome",https://www.chia.chinesemuseum.com.au/biogs/CH00793b.htm
"- see Pang, Winsome",https://www.chia.chinesemuseum.com.au/biogs/CH00793b.htm
"Ah Mow, cook",https://www.chia.chinesemuseum.com.au/biogs/CH00358b.htm
Ah Moy (1835 - 1908),https://www.chia.chinesemuseum.com.au/biogs/CH01845b.htm
"Ah Nean, Willie",https://www.chia.chinesemuseum.com.au/biogs/CH00276b.htm
"- see Nean, William, gardener",https://www.chia.chinesemuseum.com.au/biogs/CH00276b.htm
"Ah Nem, cook",https://www.chia.chinesemuseum.com.au/biogs/CH00234b.htm
"Ah Nin, cabinetmaker",https://www.chia.chinesemuseum.com.au/biogs/CH00341b.htm
"Ah Non, gardener",https://www.chia.chinesemuseum.com.au/biogs/CH00295b.htm
"Ah Nooe, storekeeper",https://www.chia.chinesemuseum.com.au/biogs/CH00403b.htm
Ah On,https://www.chia.chinesemuseum.com.au/biogs/CH00149b.htm
"- see Ah On (fancy goods dealer, Bendigo, Vic), fancy goods dealer",https://www.chia.chinesemuseum.com.au/biogs/CH00149b.htm
"Ah On (fancy goods dealer, Bendigo, Vic), fancy goods dealer",https://www.chia.chinesemuseum.com.au/biogs/CH00149b.htm
"Ah On (gardener, South Richmond, Melb, Vic), gardener",https://www.chia.chinesemuseum.com.au/biogs/CH00246b.htm
Ah Oong,https://www.chia.chinesemuseum.com.au/biogs/CH01471b.htm
Ah Ou,https://www.chia.chinesemuseum.com.au/biogs/CH00149b.htm
"- see Ah On (fancy goods dealer, Bendigo, Vic), fancy goods dealer",https://www.chia.chinesemuseum.com.au/biogs/CH00149b.htm
"Ah Owen, James",https://www.chia.chinesemuseum.com.au/biogs/CH01678b.htm
Ah Piek,https://www.chia.chinesemuseum.com.au/biogs/CH00278b.htm
"- see Ah Dick, gardener",https://www.chia.chinesemuseum.com.au/biogs/CH00278b.htm
Ah Pong,https://www.chia.chinesemuseum.com.au/biogs/CH01972b.htm
Ah Poo,https://www.chia.chinesemuseum.com.au/biogs/CH01311b.htm
"- see Bow, Billy ( - 1942)",https://www.chia.chinesemuseum.com.au/biogs/CH01311b.htm
"Ah Poy, gardener",https://www.chia.chinesemuseum.com.au/biogs/CH00397b.htm
"Ah Puck, gardener",https://www.chia.chinesemuseum.com.au/biogs/CH00259b.htm
"Ah Quan, gardener",https://www.chia.chinesemuseum.com.au/biogs/CH00370b.htm
"Ah Quon, farmer",https://www.chia.chinesemuseum.com.au/biogs/CH00342b.htm
"Ah Quong, laundryman",https://www.chia.chinesemuseum.com.au/biogs/CH00343b.htm
"Ah Sam, gardener",https://www.chia.chinesemuseum.com.au/biogs/CH00260b.htm
Ah Sang,https://www.chia.chinesemuseum.com.au/biogs/CH01208b.htm
Ah See (c. 1830 - 1920),https://www.chia.chinesemuseum.com.au/biogs/CH01308b.htm
"Ah See, Philip",https://www.chia.chinesemuseum.com.au/biogs/CH00883b.htm
"Ah Shing, tea salesman",https://www.chia.chinesemuseum.com.au/biogs/CH00201b.htm
"Ah Sin (french polisher, Latrobe St, Melb, Vic), french polisher",https://www.chia.chinesemuseum.com.au/biogs/CH00356b.htm
"Ah Sin (gardener, Wangaratta, Vic), gardener",https://www.chia.chinesemuseum.com.au/biogs/CH00277b.htm
"Ah Sing, gardener",https://www.chia.chinesemuseum.com.au/biogs/CH00399b.htm
Ah Sing,https://www.chia.chinesemuseum.com.au/biogs/CH00330b.htm
"- see Lew Sing, gardener",https://www.chia.chinesemuseum.com.au/biogs/CH00330b.htm
"Ah Soom, gardener",https://www.chia.chinesemuseum.com.au/biogs/CH00228b.htm
Ah Soon,https://www.chia.chinesemuseum.com.au/biogs/CH00162b.htm
"- see Ah Soon (gardener, Melb, Vic), gardener",https://www.chia.chinesemuseum.com.au/biogs/CH00162b.htm
"Ah Soon (cabinetmaker, 26 Little Lonsdale St, Melb, Vic), cabinetmaker",https://www.chia.chinesemuseum.com.au/biogs/CH00372b.htm
"Ah Soon (cook, 173 Little Bourke St, Melb, Vic), cook",https://www.chia.chinesemuseum.com.au/biogs/CH00176b.htm
"Ah Soon (gardener, Melb, Vic), gardener",https://www.chia.chinesemuseum.com.au/biogs/CH00162b.htm
"Ah Su, fruit merchant",https://www.chia.chinesemuseum.com.au/biogs/CH00111b.htm
"Ah Suey, cabinetmaker",https://www.chia.chinesemuseum.com.au/biogs/CH00374b.htm
Ah Sui,https://www.chia.chinesemuseum.com.au/biogs/CH01236b.htm
"Ah Tawt, cabinetmaker",https://www.chia.chinesemuseum.com.au/biogs/CH00375b.htm
"Ah Tem, gardener",https://www.chia.chinesemuseum.com.au/biogs/CH00213b.htm
"Ah Tin, gardener",https://www.chia.chinesemuseum.com.au/biogs/CH00181b.htm
Ah Tock,https://www.chia.chinesemuseum.com.au/biogs/CH02389b.htm
"- see Ah Tock, Henry (c. 1832 - 1889)",https://www.chia.chinesemuseum.com.au/biogs/CH02389b.htm
"Ah Tock, Henry (c. 1832 - 1889)",https://www.chia.chinesemuseum.com.au/biogs/CH02389b.htm
"Ah Tock, Henry Thomas",https://www.chia.chinesemuseum.com.au/biogs/CH02391b.htm
"- see Matlock, Henry Thomas (1871 - )",https://www.chia.chinesemuseum.com.au/biogs/CH02391b.htm
"Ah Tock, Maria",https://www.chia.chinesemuseum.com.au/biogs/CH02390b.htm
"- see Allen, Maria (c. 1851 - 1898)",https://www.chia.chinesemuseum.com.au/biogs/CH02390b.htm
"Ah Tock, Marion",https://www.chia.chinesemuseum.com.au/biogs/CH02390b.htm
"- see Allen, Maria (c. 1851 - 1898)",https://www.chia.chinesemuseum.com.au/biogs/CH02390b.htm
"Ah Toi, gardener",https://www.chia.chinesemuseum.com.au/biogs/CH00354b.htm
Ah Tois,https://www.chia.chinesemuseum.com.au/biogs/CH00354b.htm
"- see Ah Toi, gardener",https://www.chia.chinesemuseum.com.au/biogs/CH00354b.htm
Ah Tong Youk,https://www.chia.chinesemuseum.com.au/biogs/CH00905b.htm
- see Sue Hoe ( - c. 1916),https://www.chia.chinesemuseum.com.au/biogs/CH00905b.htm
"Ah Toon, gardener",https://www.chia.chinesemuseum.com.au/biogs/CH00207b.htm
Ah Toons,https://www.chia.chinesemuseum.com.au/biogs/CH00207b.htm
"- see Ah Toon, gardener",https://www.chia.chinesemuseum.com.au/biogs/CH00207b.htm
Ah Toy,https://www.chia.chinesemuseum.com.au/biogs/CH00373b.htm
"- see Ah Toy (cabinetmaker, 288 Lonsdale St, Melb, Vic), cabinetmaker",https://www.chia.chinesemuseum.com.au/biogs/CH00373b.htm
Ah Toy,https://www.chia.chinesemuseum.com.au/biogs/CH00174b.htm
"- see Ah Toy (laundryman, Brunswick, Melb, Vic), laundryman",https://www.chia.chinesemuseum.com.au/biogs/CH00174b.htm
"Ah Toy (cabinetmaker, 216 Latrobe St, Melb, Vic), cabinetmaker",https://www.chia.chinesemuseum.com.au/biogs/CH00355b.htm
"Ah Toy (cabinetmaker, 288 Lonsdale St, Melb, Vic), cabinetmaker",https://www.chia.chinesemuseum.com.au/biogs/CH00373b.htm
"Ah Toy (laundryman, Brunswick, Melb, Vic), laundryman",https://www.chia.chinesemuseum.com.au/biogs/CH00174b.htm
"Ah Toy Cheong, Jimmy",https://www.chia.chinesemuseum.com.au/biogs/CH01223b.htm
"Ah Toy, Bessie",https://www.chia.chinesemuseum.com.au/biogs/CH01273b.htm
"- see Chong, Bessie",https://www.chia.chinesemuseum.com.au/biogs/CH01273b.htm
"Ah Toy, Edward",https://www.chia.chinesemuseum.com.au/biogs/CH01221b.htm
"Ah Toy, Ellen",https://www.chia.chinesemuseum.com.au/biogs/CH01327b.htm
"Ah Toy, Jimmy",https://www.chia.chinesemuseum.com.au/biogs/CH01223b.htm
"- see Ah Toy Cheong, Jimmy",https://www.chia.chinesemuseum.com.au/biogs/CH01223b.htm
"Ah Toy, Lily",https://www.chia.chinesemuseum.com.au/biogs/CH01220b.htm
"Ah Tye, Samuel",https://www.chia.chinesemuseum.com.au/biogs/CH00880b.htm
Ah Von,https://www.chia.chinesemuseum.com.au/biogs/CH00271b.htm
"- see Von, O., gardener",https://www.chia.chinesemuseum.com.au/biogs/CH00271b.htm
"Ah Wah, gardener",https://www.chia.chinesemuseum.com.au/biogs/CH00225b.htm
"Ah War, gardener",https://www.chia.chinesemuseum.com.au/biogs/CH00305b.htm
Ah Way,https://www.chia.chinesemuseum.com.au/biogs/CH00193b.htm
"- see Ah Way (gardener, Wunghnu, Vic), gardener",https://www.chia.chinesemuseum.com.au/biogs/CH00193b.htm
Ah Way (departed Australia c1899),https://www.chia.chinesemuseum.com.au/biogs/CH00410b.htm
"Ah Way (gardener, Wunghnu, Vic), gardener",https://www.chia.chinesemuseum.com.au/biogs/CH00193b.htm
"Ah Waye, gardener",https://www.chia.chinesemuseum.com.au/biogs/CH00226b.htm
"Ah Weng (gardener, Cotham Rd, Kew, Melb, Vic), gardener",https://www.chia.chinesemuseum.com.au/biogs/CH00206b.htm
"Ah Weng (storeman, Wahgunyah, Vic), gardener and storeman",https://www.chia.chinesemuseum.com.au/biogs/CH00322b.htm
"Ah Whay, William Henry (c. 1842 - c. 1920)",https://www.chia.chinesemuseum.com.au/biogs/CH01386b.htm
"Ah Wing, gardener",https://www.chia.chinesemuseum.com.au/biogs/CH00404b.htm
Ah Won,https://www.chia.chinesemuseum.com.au/biogs/CH00367b.htm
"- see Ah Don, cabinetmaker",https://www.chia.chinesemuseum.com.au/biogs/CH00367b.htm
"Ah Wong, gardener",https://www.chia.chinesemuseum.com.au/biogs/CH00333b.htm
Ah Wong,https://www.chia.chinesemuseum.com.au/biogs/CH00404b.htm
"- see Ah Wing, gardener",https://www.chia.chinesemuseum.com.au/biogs/CH00404b.htm
"Ah Woon, cabinetmaker",https://www.chia.chinesemuseum.com.au/biogs/CH00229b.htm
Ah Woy,https://www.chia.chinesemuseum.com.au/biogs/CH00193b.htm
"- see Ah Way (gardener, Wunghnu, Vic), gardener",https://www.chia.chinesemuseum.com.au/biogs/CH00193b.htm
Ah Wy,https://www.chia.chinesemuseum.com.au/biogs/CH01679b.htm
"Ah Yee, Alice",https://www.chia.chinesemuseum.com.au/biogs/CH01603b.htm
"- see Fong Sing, Alice (Allie)",https://www.chia.chinesemuseum.com.au/biogs/CH01603b.htm
"Ah Yee, Bessie",https://www.chia.chinesemuseum.com.au/biogs/CH01617b.htm
"Ah Yee, Christina (Chrissie) Alice",https://www.chia.chinesemuseum.com.au/biogs/CH01605b.htm
"Ah Yee, Frederick (Fred)",https://www.chia.chinesemuseum.com.au/biogs/CH01599b.htm
"Ah Yee, George Edward",https://www.chia.chinesemuseum.com.au/biogs/CH01613b.htm
"Ah Yee, James (Jim)",https://www.chia.chinesemuseum.com.au/biogs/CH01596b.htm
"Ah Yee, James (Senior)",https://www.chia.chinesemuseum.com.au/biogs/CH01600b.htm
"Ah Yee, John (Jack)",https://www.chia.chinesemuseum.com.au/biogs/CH01604b.htm
"Ah Yee, Lena",https://www.chia.chinesemuseum.com.au/biogs/CH01602b.htm
"Ah Yee, Mary",https://www.chia.chinesemuseum.com.au/biogs/CH01597b.htm
"Ah Yee, Myrtle",https://www.chia.chinesemuseum.com.au/biogs/CH01601b.htm
"- see Ah Yee, Myrtle Annie",https://www.chia.chinesemuseum.com.au/biogs/CH01601b.htm
"Ah Yee, Myrtle Annie",https://www.chia.chinesemuseum.com.au/biogs/CH01601b.htm
"Ah Yee, Robert (Bob) Alexander",https://www.chia.chinesemuseum.com.au/biogs/CH01598b.htm
Ah Yen,https://www.chia.chinesemuseum.com.au/biogs/CH00257b.htm
"- see Cheong Ah Yen, gardener",https://www.chia.chinesemuseum.com.au/biogs/CH00257b.htm
"Ah Ying, storekeeper",https://www.chia.chinesemuseum.com.au/biogs/CH00158b.htm
Ah Yoong,https://www.chia.chinesemuseum.com.au/biogs/CH00882b.htm
"Ah Young, gardener",https://www.chia.chinesemuseum.com.au/biogs/CH00344b.htm
Ah' Yung,https://www.chia.chinesemuseum.com.au/biogs/CH00920b.htm
- see Ah' Yung (New South Wales),https://www.chia.chinesemuseum.com.au/biogs/CH00920b.htm
Ah Yung,https://www.chia.chinesemuseum.com.au/biogs/CH00920b.htm
- see Ah' Yung (New South Wales),https://www.chia.chinesemuseum.com.au/biogs/CH00920b.htm
Ah Yung,https://www.chia.chinesemuseum.com.au/biogs/CH00253b.htm
- see Ah Yung (Victoria),https://www.chia.chinesemuseum.com.au/biogs/CH00253b.htm
Ah' Yung (New South Wales),https://www.chia.chinesemuseum.com.au/biogs/CH00920b.htm
Ah Yung (Victoria),https://www.chia.chinesemuseum.com.au/biogs/CH00253b.htm
"Ah Yung (Western Australia), sailor",https://www.chia.chinesemuseum.com.au/biogs/CH00934b.htm
Ah Yuug,https://www.chia.chinesemuseum.com.au/biogs/CH00253b.htm
- see Ah Yung (Victoria),https://www.chia.chinesemuseum.com.au/biogs/CH00253b.htm
"Ahon, Barbara",https://www.chia.chinesemuseum.com.au/biogs/CH02566b.htm
Alice Wong Chee's (nee Kai) daughter,https://www.chia.chinesemuseum.com.au/biogs/CH01549b.htm
"Allen, Maria (c. 1851 - 1898)",https://www.chia.chinesemuseum.com.au/biogs/CH02390b.htm
"Allen, Marian",https://www.chia.chinesemuseum.com.au/biogs/CH02390b.htm
"- see Allen, Maria (c. 1851 - 1898)",https://www.chia.chinesemuseum.com.au/biogs/CH02390b.htm
"Allen, Marion",https://www.chia.chinesemuseum.com.au/biogs/CH02390b.htm
"- see Allen, Maria (c. 1851 - 1898)",https://www.chia.chinesemuseum.com.au/biogs/CH02390b.htm
"Allen, P.",https://www.chia.chinesemuseum.com.au/biogs/CH01359b.htm
Ang Chuck,https://www.chia.chinesemuseum.com.au/biogs/CH00795b.htm
"Ang Way, Albert Kaum (Gaum) (1909 - )",https://www.chia.chinesemuseum.com.au/biogs/CH01827b.htm
"Ang Way, Alice (1905 - 1991)",https://www.chia.chinesemuseum.com.au/biogs/CH00897b.htm
"Ang Way, Elsie (c. 1903 - )",https://www.chia.chinesemuseum.com.au/biogs/CH00898b.htm
"Ang Way, George Kim Foo Kaum (Gaum) (1910 - )",https://www.chia.chinesemuseum.com.au/biogs/CH01828b.htm
"Ang Way, Jack Kaum (Gaum) (c. 1902 - )",https://www.chia.chinesemuseum.com.au/biogs/CH01826b.htm
"Ang Way, Rachel Ying Kwai (1915 - )",https://www.chia.chinesemuseum.com.au/biogs/CH00899b.htm
"Anguey, Ada",https://www.chia.chinesemuseum.com.au/biogs/CH01782b.htm
"Anguey, Aubrey",https://www.chia.chinesemuseum.com.au/biogs/CH01798b.htm
"Anguey, Bertha",https://www.chia.chinesemuseum.com.au/biogs/CH01753b.htm
"- see Hing, Bertha (1880 - 1939)",https://www.chia.chinesemuseum.com.au/biogs/CH01753b.htm
"Anguey, Beryl May (c. 1908 - )",https://www.chia.chinesemuseum.com.au/biogs/CH01751b.htm
"Anguey, Bob (1912 - )",https://www.chia.chinesemuseum.com.au/biogs/CH01736b.htm
"Anguey, Edna Ruth (1906? - 1913)",https://www.chia.chinesemuseum.com.au/biogs/CH01750b.htm
"Anguey, Elizabeth",https://www.chia.chinesemuseum.com.au/biogs/CH01788b.htm
"Anguey, Elizabeth",https://www.chia.chinesemuseum.com.au/biogs/CH01783b.htm
"- see Sharp, Elizabeth",https://www.chia.chinesemuseum.com.au/biogs/CH01783b.htm
"Anguey, Emma",https://www.chia.chinesemuseum.com.au/biogs/CH01784b.htm
"Anguey, Ethel",https://www.chia.chinesemuseum.com.au/biogs/CH01786b.htm
"Anguey, George",https://www.chia.chinesemuseum.com.au/biogs/CH01780b.htm
"Anguey, Henry (1835 - 1923)",https://www.chia.chinesemuseum.com.au/biogs/CH01779b.htm
"Anguey, Hoey Sang",https://www.chia.chinesemuseum.com.au/biogs/CH01779b.htm
"- see Anguey, Henry (1835 - 1923)",https://www.chia.chinesemuseum.com.au/biogs/CH01779b.htm
"Anguey, Jane",https://www.chia.chinesemuseum.com.au/biogs/CH01775b.htm
"- see Ah Hing, Jane (1877 - 1966)",https://www.chia.chinesemuseum.com.au/biogs/CH01775b.htm
"Anguey, Mary",https://www.chia.chinesemuseum.com.au/biogs/CH01797b.htm
"- see Craddock, Mary",https://www.chia.chinesemuseum.com.au/biogs/CH01797b.htm
"Anguey, Phyllis Bertha (c. 1910 - ), nurse",https://www.chia.chinesemuseum.com.au/biogs/CH01672b.htm
"Anguey, Robert",https://www.chia.chinesemuseum.com.au/biogs/CH01736b.htm
"- see Anguey, Bob (1912 - )",https://www.chia.chinesemuseum.com.au/biogs/CH01736b.htm
"Anguey, Robert William",https://www.chia.chinesemuseum.com.au/biogs/CH01752b.htm
"Anguey, Selina",https://www.chia.chinesemuseum.com.au/biogs/CH01781b.htm
"Anguey, Suzannah",https://www.chia.chinesemuseum.com.au/biogs/CH01790b.htm
"Anguey, Walter",https://www.chia.chinesemuseum.com.au/biogs/CH01785b.htm
"Anguey, William",https://www.chia.chinesemuseum.com.au/biogs/CH01776b.htm
"Ansell, Dorothy",https://www.chia.chinesemuseum.com.au/biogs/CH02362b.htm
"- see Whay, Dorothy Mary Isobel (1926 - 2001)",https://www.chia.chinesemuseum.com.au/biogs/CH02362b.htm
"Ansell, Ernest Norman Frederick (1925 - 1988)",https://www.chia.chinesemuseum.com.au/biogs/CH02363b.htm
"Appoo, Ruby",https://www.chia.chinesemuseum.com.au/biogs/CH01977b.htm
"Armstrong, Christabel May (1912 - 1996)",https://www.chia.chinesemuseum.com.au/biogs/CH00802b.htm
"Artso, George Ringold (1883 - 1955)",https://www.chia.chinesemuseum.com.au/biogs/CH01937b.htm
"Asgill, Annie",https://www.chia.chinesemuseum.com.au/biogs/CH00981b.htm